,RPI_FGM_ATT,RPI_FGM_LAW,RPI_FGM_PRACT,RPI_MW_PRACT,RPI_RA_LAW,RPI_RA_PRACT,RPI_VAW_ATT,RPI_VAW_LAW,RPI_VAW_PRACT,BCA_NGDPD,GGR_NGDP,GGXWDG_NGDP,GGX_NGDP,LP,NGDPRPPPPC,NGDP_FY,NGDP_RPCH,NGSD_NGDP,NID_NGDP,PCPIPCH,PPPEX,PPPSH,TM_RPCH,TX_RPCH,Region_encode,Loc_encode,Inc_ordinal,LOCATION
0,0.0,1.0,0.0,100.6,0.0,38.0,25.2,0.75,34.8,6.079,21.179,113.554,20.403,30.128,7043.65,30833.45,-0.535,26.923,20.844,17.079,139.415,0.164,-11.38,-5.925,0,1,2,AGO
1,0.0,0.0,0.0,101.2,0.75,29.7,72.9,0.5,46.7,-11.562,22.376,60.33,28.771,11.529,751.762,5559.59,1.842,7.724,19.286,-0.709,615.481,0.007,45.588,-15.813,0,10,1,BDI
2,3.4,0.25,9.2,103.1,0.5,33.1,36.0,0.5,68.6,-4.034,14.062,41.23,14.601,11.814,3283.84,8432.25,6.866,21.596,25.63,-0.933,208.557,0.03,-8.378,-12.058,0,12,1,BEN
3,9.3,0.25,75.8,103.5,0.5,29.1,43.5,0.75,11.5,-3.276,20.087,42.017,23.495,20.321,2178.32,9369.19,5.699,23.383,26.659,-3.233,203.083,0.034,-2.652,-0.052,0,13,1,BFA
4,0.0,0.0,0.0,102.1,0.25,9.6,0.0,0.75,0.0,-8.419,28.4,16.253,36.976,2.298,16386.87,176.998,2.993,23.155,29.833,2.745,4.547,0.029,11.939,-7.091,0,26,3,BWA
5,11.3,0.25,24.2,100.2,0.25,27.0,79.6,0.25,29.8,-4.929,18.348,47.179,16.924,4.745,945.181,1333.99,2.97,9.74,14.668,2.685,285.395,0.003,8.668,-1.782,0,27,1,CAF
6,13.8,0.25,36.7,101.2,0.75,30.5,47.9,0.75,25.9,-2.304,15.04,38.777,17.329,26.275,5101.84,34298.89,6.232,17.973,20.059,0.806,245.507,0.104,-1.821,16.693,0,32,2,CIV
7,6.6,0.5,1.4,102.0,0.5,18.0,36.1,0.75,51.1,-4.345,15.684,42.305,18.983,25.876,3642.28,22854.84,3.721,26.053,30.393,2.452,232.674,0.073,22.781,-2.217,0,33,2,CMR
8,0.0,0.25,0.0,102.0,0.75,27.7,74.8,0.75,50.7,-3.215,10.836,15.003,12.859,86.791,1097.95,83048.34,4.39,8.547,12.626,4.705,836.225,0.074,-13.012,-7.109,0,34,1,COD
9,0.0,1.0,0.0,101.9,1.0,17.9,54.2,0.75,0.0,0.411,26.726,81.695,22.022,4.568,4496.77,7493.81,-0.431,22.628,22.217,2.207,350.076,0.016,-8.808,0.277,0,35,2,COG
10,0.0,1.0,0.0,103.9,0.75,32.3,39.0,0.75,6.4,-3.257,15.844,19.516,20.187,0.874,2978.79,522.045,1.756,13.041,16.298,3.701,192.46,0.002,-1.975,-0.521,0,37,1,COM
11,0.0,1.0,0.0,102.4,0.0,16.7,17.3,0.5,12.6,-0.399,29.4,124.922,31.236,0.55,7167.75,195.202,5.668,37.151,37.55,1.106,47.489,0.003,-3.457,10.152,0,38,2,CPV
12,36.6,0.25,93.1,102.8,0.75,29.0,0.0,0.5,0.0,16.854,21.68,38.976,22.527,0.974,5556.25,594.702,7.5,44.349,27.496,3.319,105.488,0.004,10.067,9.23,0,43,2,DJI
13,0.0,1.0,0.0,104.3,0.75,7.0,48.2,0.5,0.0,-9.911,32.316,45.771,37.895,43.424,11412.23,20428.3,0.8,36.08,45.991,1.952,39.553,0.383,-9.66,-2.954,0,47,3,DZA
14,53.9,0.25,87.2,106.4,0.75,12.6,35.7,0.75,0.0,-3.603,20.296,84.214,28.282,98.9,11940.25,5322.1,5.558,14.39,17.993,13.875,4.324,0.912,2.649,9.325,0,49,2,EGY
15,12.2,0.75,83.0,104.3,0.5,27.4,51.4,0.75,0.0,12.066,31.737,189.35,33.343,3.497,1761.13,29.876,3.836,16.099,4.033,-16.365,4.655,0.005,3.701,-14.142,0,50,1,ERI
16,17.5,0.25,65.2,103.0,0.25,22.8,63.0,0.5,28.0,-5.328,12.819,57.917,15.353,95.644,2641.01,2690.75,9.037,29.913,35.264,15.81,10.221,0.195,-3.205,-5.735,0,53,1,ETH
17,0.0,0.75,0.0,102.1,1.0,26.5,50.2,0.75,48.6,-0.857,19.534,59.778,17.407,2.08,15608.06,9886.93,3.915,31.102,32.006,2.022,292.149,0.025,7.966,12.613,0,57,3,GAB
18,2.4,0.25,3.8,104.2,0.25,26.3,28.3,0.75,24.4,-2.744,13.466,62.59,20.661,30.168,5585.9,356.544,6.508,16.655,19.4,7.144,2.03,0.13,12.646,5.726,0,60,2,GHA
19,67.2,0.25,96.8,101.2,0.5,27.6,92.1,0.75,80.0,-11.457,14.424,38.373,14.9,13.627,2405.89,124109.15,5.646,5.796,17.253,9.471,3632.33,0.025,-16.97,-6.571,0,61,1,GIN
20,65.0,0.25,74.9,102.0,0.75,24.9,58.4,0.5,20.1,-6.146,21.189,82.967,23.737,2.349,2225.31,90.794,6.222,13.361,19.507,7.116,16.667,0.004,11.057,19.697,0,62,1,GMB
21,12.8,0.75,44.9,100.8,1.0,22.3,41.8,0.75,0.0,-8.822,15.422,65.87,19.344,1.776,2330.24,843.475,4.5,5.367,14.19,0.286,195.543,0.003,14.052,14.57,0,63,1,GNB
22,0.0,1.0,0.0,102.6,0.75,33.8,52.6,1.0,56.9,-6.054,18.536,42.989,16.721,1.36,18446.49,6689.51,-5.979,1.657,7.711,1.213,255.832,0.019,-15.982,-9.778,0,64,3,GNQ
23,6.2,0.25,21.0,102.1,0.75,15.6,41.8,0.5,39.4,-5.534,16.792,58.979,24.137,47.6,4918.07,10255.65,4.981,13.945,19.479,5.204,42.035,0.181,-2.023,-0.218,0,86,2,KEN
24,0.0,1.0,0.0,101.4,0.5,18.4,37.1,0.75,62.0,-2.207,49.902,50.638,57.551,2.048,2646.9,32.938,-1.544,13.885,16.092,5.187,5.83,0.004,0.952,-0.413,0,96,2,LSO
25,0.0,1.0,0.0,105.0,0.75,8.0,22.0,0.75,30.0,-3.68,25.609,65.069,29.428,35.587,7857.9,1152.81,2.608,28.263,31.942,0.24,3.956,0.216,1.238,3.058,0,100,2,MAR
26,0.0,1.0,0.0,102.4,1.0,19.0,45.2,0.5,30.0,-2.289,13.941,38.54,15.362,27.539,1585.15,51035.22,4.411,17.461,19.75,5.623,1121.77,0.034,1.837,14.754,0,102,1,MDG
27,75.2,1.0,82.7,103.7,0.5,17.2,72.6,0.75,34.6,-7.457,21.465,40.554,23.149,19.078,2392.47,10124.72,4.765,15.075,22.532,-2.894,212.841,0.035,10.745,7.692,0,106,1,MLI
28,0.0,0.75,0.0,101.5,0.0,23.1,22.9,0.75,21.7,-19.638,29.685,105.426,29.833,30.366,1281.78,962.621,2.315,40.42,60.058,2.781,23.73,0.03,-6.689,-2.941,0,111,1,MOZ
29,36.1,0.75,66.6,103.7,1.0,33.6,26.6,0.75,0.0,-10.536,20.49,56.831,17.837,4.058,5961.39,289.478,5.798,36.019,44.047,2.306,11.48,0.019,1.549,12.295,0,112,2,MRT
30,0.0,1.0,0.0,103.9,0.25,12.5,0.0,0.5,0.0,-5.384,22.706,84.621,31.134,1.267,22852.14,457.542,3.015,19.335,19.838,0.454,16.516,0.022,1.349,-6.023,0,113,3,MUS
31,0.0,1.0,0.0,102.2,0.75,18.7,16.3,0.5,37.5,-11.881,14.764,45.297,19.313,20.289,1411.37,8220.68,5.448,-4.753,7.847,9.378,275.431,0.022,14.25,13.643,0,114,1,MWI
32,0.0,1.0,0.0,101.3,0.25,17.5,28.2,0.25,25.0,-1.752,32.094,59.62,37.615,2.459,9987.7,180.248,-0.606,14.326,16.037,3.721,7.093,0.019,-8.534,-7.665,0,116,3,NAM
33,5.6,0.25,2.0,104.3,0.75,21.0,59.6,0.75,0.0,-12.567,18.011,39.802,21.57,23.311,1224.34,7564.95,5.907,17.678,30.245,-2.52,254.33,0.022,9.823,0.106,0,117,1,NER
34,21.6,0.5,18.4,105.0,0.75,27.6,34.7,0.75,16.2,-3.264,7.831,29.17,12.522,200.964,5135.49,145639.14,2.208,22.152,25.416,11.397,135.402,0.797,45.106,18.069,0,118,2,NGA
35,0.0,1.0,0.0,100.6,0.5,18.9,41.4,0.5,34.4,-12.106,23.106,50.203,28.179,12.4,2268.35,9315.0,9.469,8.715,23.188,2.426,317.759,0.022,8.481,-5.143,0,136,1,RWA
36,17.4,0.25,23.5,102.7,1.0,23.6,56.5,0.5,78.0,-8.138,20.425,63.843,24.294,16.296,3361.46,13655.37,4.402,23.796,31.934,1.02,239.184,0.042,0.41,8.99,0,139,1,SEN
37,69.2,1.0,89.6,100.5,0.75,25.0,62.8,0.5,45.3,-22.225,17.95,71.656,21.041,7.813,1709.3,37137.73,5.508,-6.109,16.116,14.803,2668.18,0.01,15.782,10.602,0,142,1,SLE
38,0.0,1.0,0.0,101.8,0.0,33.7,19.1,0.5,27.9,-12.127,21.996,71.567,22.06,0.213,4009.05,9.424,2.211,6.45,18.577,7.716,10.589,0.001,1.569,-8.368,0,147,2,STP
39,0.0,1.0,0.0,101.3,0.75,15.2,19.9,0.75,0.0,4.347,27.406,40.023,34.388,1.115,8878.08,64.846,2.244,17.819,13.472,2.598,6.263,0.008,1.414,16.31,0,151,2,SWZ
40,0.0,1.0,0.0,104.6,0.25,0.0,0.0,0.75,0.0,-16.117,38.011,57.73,37.087,0.096,28036.58,22.192,1.915,10.266,26.383,1.807,7.878,0.002,-1.554,4.377,0,152,4,SYC
41,29.1,0.25,38.4,101.7,0.25,22.9,73.5,0.75,28.6,-4.779,14.249,52.316,14.422,15.947,1587.07,6406.37,2.96,18.562,23.34,-0.972,242.875,0.02,4.035,9.546,0,153,1,TCD
42,1.4,0.25,4.7,100.6,0.5,33.6,28.7,0.75,22.1,-0.768,17.655,52.352,16.042,8.084,2121.25,4230.51,5.464,19.771,20.539,0.687,236.7,0.013,4.601,1.251,0,154,1,TGO
43,0.0,1.0,0.0,104.7,0.0,7.0,18.6,0.5,20.3,-8.394,27.741,74.17,31.595,11.783,10625.59,114.939,0.981,9.359,17.753,6.722,0.881,0.097,-8.566,-5.056,0,160,2,TUN
44,2.7,0.5,10.0,102.3,0.5,22.1,58.0,0.75,41.7,-2.537,14.679,39.036,16.399,56.322,2725.39,139893.8,6.971,32.985,39.655,3.448,874.448,0.119,6.21,9.447,0,163,1,TZA
45,8.7,0.5,1.4,101.9,0.75,29.6,58.3,0.75,49.9,-6.364,13.49,37.044,18.319,39.823,2564.78,139711.0,7.714,20.084,26.448,2.344,1312.48,0.079,17.47,8.412,0,164,1,UGA
46,0.0,0.25,0.0,102.0,0.0,14.7,61.2,0.5,20.6,-2.733,26.94,56.303,31.714,58.775,13659.41,5605.03,0.113,13.288,16.021,4.13,6.699,0.62,0.474,-3.409,0,173,3,ZAF
47,0.0,0.75,0.0,101.8,0.75,21.1,46.9,0.5,42.7,0.561,20.413,97.384,29.82,18.321,3383.31,300.449,1.441,40.805,40.243,9.151,4.651,0.048,-13.991,-11.73,0,174,2,ZMB
48,0.0,1.0,0.0,103.6,0.5,9.0,11.6,0.75,0.0,-0.821,33.308,88.725,37.703,44.939,22063.9,21802.26,-2.088,14.097,14.917,53.548,21.098,0.766,-21.107,12.155,1,4,4,ARG
49,0.0,1.0,0.0,101.1,0.75,13.0,0.0,0.75,0.0,-6.639,18.645,81.29,22.63,0.097,21944.75,4.554,4.747,26.829,33.468,1.431,2.06,0.002,2.028,14.149,1,6,4,ATG
50,0.0,1.0,0.0,105.4,0.25,12.0,0.0,0.5,0.0,3.993,18.374,59.685,20.035,0.381,37269.26,13.205,0.703,30.503,26.51,2.491,0.89,0.011,-2.78,5.759,1,17,4,BHS
51,0.0,1.0,0.0,102.6,0.75,22.2,5.2,0.75,0.0,-9.314,29.583,94.421,33.137,0.408,6929.95,3.965,1.761,8.453,17.766,0.186,1.344,0.002,0.299,2.116,1,20,3,BLZ
52,0.0,1.0,0.0,104.1,0.25,20.1,16.1,0.25,64.1,-3.373,28.845,59.136,36.066,11.47,8757.26,282.587,2.217,14.129,19.875,1.839,2.699,0.078,-0.39,2.509,1,21,2,BOL
53,0.0,1.0,0.0,104.7,0.5,10.8,8.5,0.25,33.5,-3.463,31.425,87.658,37.307,210.147,14827.29,7407.02,1.411,11.94,15.403,3.733,2.281,2.407,5.288,-1.579,1,22,3,BRA
54,0.0,1.0,0.0,102.5,0.25,19.9,3.3,0.75,0.0,-3.05,31.076,124.789,27.29,0.287,15444.6,10.156,-1.287,11.517,14.567,4.1,2.292,0.003,6.189,7.878,1,23,4,BRB
55,0.0,0.25,0.0,105.1,0.0,7.0,7.8,0.25,1.9,-2.051,41.495,86.821,40.956,37.534,49392.36,2310.71,1.861,20.938,22.988,1.949,1.196,1.432,0.346,1.267,1,28,4,CAN
56,0.0,1.0,0.0,103.9,0.5,13.0,10.3,0.75,6.7,-3.715,23.656,28.198,26.374,19.107,23957.26,196444.43,1.015,19.239,22.975,2.251,411.767,0.354,-2.38,-2.583,1,30,4,CHL
57,0.0,1.0,0.0,104.3,0.5,6.7,11.1,0.25,37.4,-4.486,29.368,52.349,32.846,49.396,15013.55,1061119.0,3.281,17.023,21.509,3.522,1372.9,0.573,7.344,3.071,1,36,3,COL
58,0.0,1.0,0.0,104.8,0.75,7.6,3.5,0.75,36.0,-2.147,15.083,56.729,21.852,5.075,20239.65,37629.64,2.256,14.56,16.708,2.098,351.484,0.079,0.051,3.089,1,39,3,CRI
59,0.0,1.0,0.0,0.0,0.75,0.0,0.0,0.75,0.0,-37.872,38.13,94.686,46.444,0.072,12922.49,1.566,7.488,-14.499,23.373,1.505,1.709,0.001,14.487,37.542,1,44,3,DMA
60,0.0,1.0,0.0,104.2,0.75,11.4,2.0,0.25,20.4,-1.334,14.396,53.537,16.591,10.358,19090.48,4562.24,5.052,24.671,26.005,1.811,22.138,0.153,4.934,-0.388,1,46,3,DOM
61,0.0,1.0,0.0,104.7,0.5,8.8,25.2,0.5,37.5,-0.057,33.66,51.411,36.402,17.268,11440.19,108.108,0.012,25.849,25.906,0.266,0.525,0.153,0.772,7.487,1,48,3,ECU
62,0.0,1.0,0.0,105.0,0.75,13.0,0.0,0.75,0.0,-16.993,27.12,60.551,22.104,0.112,16867.71,3.208,0.677,9.279,26.273,0.599,1.629,0.001,1.771,0.777,1,66,3,GRD
63,0.0,1.0,0.0,104.5,0.75,13.9,11.0,0.75,18.0,2.326,11.227,26.484,13.468,17.616,8156.23,592.8,3.867,16.646,14.32,3.7,3.959,0.111,4.911,0.08,1,67,3,GTM
64,0.0,1.0,0.0,105.0,0.0,28.0,10.2,0.75,0.0,-54.439,25.61,43.871,28.366,0.785,13052.24,1078.73,5.353,-41.039,13.4,2.092,101.074,0.008,8.784,7.005,1,68,3,GUY
65,0.0,1.0,0.0,104.1,1.0,10.7,12.4,0.25,21.6,-1.365,25.813,43.328,25.724,9.77,5721.95,614.918,2.653,21.366,22.731,4.365,10.554,0.043,-1.481,3.556,1,70,2,HND
66,0.0,1.0,0.0,104.0,1.0,38.0,58.9,0.75,20.8,-1.164,8.012,25.794,9.353,11.578,2989.79,1244.01,-1.685,19.158,20.322,17.308,34.483,0.027,-6.023,-2.971,1,72,1,HTI
67,0.0,1.0,0.0,105.4,0.75,10.0,4.9,0.75,19.7,-2.304,30.633,94.26,29.718,2.734,10544.6,2121.09,0.97,22.77,24.269,3.91,70.238,0.022,11.528,7.906,1,82,3,JAM
68,0.0,1.0,0.0,104.5,0.5,13.0,5.0,0.5,14.1,-0.311,23.625,53.32,25.953,126.578,19927.66,24453.87,-0.177,20.856,21.166,3.636,9.302,1.949,-0.726,1.48,1,104,3,MEX
69,0.0,1.0,0.0,104.5,1.0,14.6,13.7,0.25,22.5,5.973,27.536,41.69,27.84,6.528,5466.61,417.705,-3.674,23.632,17.659,5.376,11.232,0.028,-6.617,-1.068,1,119,2,NIC
70,0.0,1.0,0.0,104.3,0.5,16.4,5.7,0.25,0.0,-4.99,18.541,42.2,22.112,4.219,31637.97,66.788,3.04,34.302,39.292,-0.355,0.48,0.103,-8.091,-0.299,1,126,4,PAN
71,0.0,1.0,0.0,104.2,0.75,6.0,32.2,0.75,33.2,-0.933,19.92,27.08,21.285,33.162,12783.13,770.387,2.15,20.138,21.072,2.136,1.744,0.327,-0.096,1.78,1,127,3,PER
72,0.0,1.0,0.0,104.0,0.75,12.1,22.9,0.5,17.9,-1.147,19.193,25.78,22.989,7.153,12424.93,236566.7,-0.402,20.548,21.696,2.757,2554.09,0.069,-4.511,-4.139,1,132,3,PRY
73,0.0,1.0,0.0,104.7,1.0,11.0,7.7,0.5,26.3,-0.615,24.124,71.289,27.192,6.454,8795.45,26.897,2.635,16.264,16.879,0.074,0.455,0.044,0.923,6.331,1,143,2,SLV
74,0.0,1.0,0.0,104.3,0.0,7.0,1.5,0.75,14.8,1.343,28.305,60.456,31.055,3.519,22660.77,2158.73,0.35,15.983,14.639,7.882,25.978,0.062,-3.424,-3.667,1,166,4,URY
75,0.0,0.0,0.0,104.6,0.0,9.0,11.0,0.5,35.6,-2.209,30.08,108.463,35.808,328.547,62417.55,21372.6,2.289,19.446,21.365,1.812,1.0,15.841,1.15,-0.067,1,167,4,USA
76,0.0,1.0,0.0,106.0,0.75,39.1,80.2,0.75,60.8,11.705,26.941,6.13,27.999,32.2,2439.68,1469.6,3.912,29.897,18.192,2.302,17.95,0.061,-7.473,-3.838,2,0,1,AFG
77,0.0,1.0,0.0,104.3,0.75,18.0,0.0,0.75,0.0,8.478,31.097,27.086,30.503,9.504,70179.96,1532.22,3.412,30.942,22.464,-1.931,2.204,0.515,-2.484,0.067,2,3,4,ARE
78,0.0,1.0,0.0,113.4,0.0,12.5,10.1,0.75,8.2,-7.359,23.925,50.086,24.902,2.963,13637.87,6543.32,7.631,10.05,17.409,1.443,155.384,0.031,13.447,16.921,2,5,3,ARM
79,0.0,0.0,0.0,105.5,0.0,11.0,3.2,0.75,16.9,0.708,34.5,46.605,38.862,25.558,50542.12,2002.13,1.912,23.27,22.535,1.566,1.487,0.998,-0.9,3.358,2,7,4,AUS
80,0.0,1.0,0.0,115.2,0.0,15.4,28.0,0.75,13.5,9.061,41.418,17.656,32.339,9.982,14501.14,81.896,2.48,28.595,20.308,2.712,0.543,0.112,-0.979,2.388,2,9,3,AZE
81,0.0,1.0,0.0,104.4,0.75,12.0,28.3,0.75,53.3,-1.687,9.973,35.694,15.406,163.046,5113.78,25424.84,8.153,29.5,31.57,5.475,31.408,0.644,4.37,13.988,2,14,2,BGD
82,0.0,1.0,0.0,105.7,0.0,12.0,0.0,0.75,0.0,-2.065,23.832,102.122,32.833,1.484,50118.41,14.464,2.559,31.001,33.084,1.006,0.187,0.057,-5.568,0.381,2,16,4,BHR
83,0.0,1.0,0.0,103.3,0.5,11.7,68.4,0.5,26.5,-21.111,24.331,106.608,25.5,0.738,11639.56,172.759,4.279,12.69,38.301,2.82,19.297,0.007,1.993,-0.07,2,25,2,BTN
84,0.0,1.0,0.0,115.8,0.0,4.0,32.7,0.75,0.0,0.718,27.778,57.117,34.117,1410.08,15893.0,99070.84,5.951,43.786,43.068,2.903,4.242,17.312,-3.662,0.445,2,31,3,CHN
85,0.0,0.75,0.0,106.3,0.25,8.0,10.5,0.25,15.0,-6.309,41.173,94.036,39.709,0.876,40522.28,22.287,3.076,13.453,19.678,0.551,0.602,0.027,1.951,-0.409,2,40,4,CYP
86,0.0,1.0,0.0,108.0,0.0,12.3,8.6,0.75,6.1,-5.477,27.105,40.436,28.947,3.724,14975.81,49.253,4.982,19.822,25.299,4.853,0.847,0.043,12.481,8.028,2,59,2,GEO
87,0.0,1.0,0.0,108.1,0.25,7.0,26.0,0.75,9.4,5.883,20.371,0.267,20.953,7.521,59480.04,2900.88,-1.68,24.039,18.193,2.883,6.101,0.346,-7.265,-6.141,2,69,4,HKG
88,0.0,1.0,0.0,104.3,0.5,14.5,34.5,0.75,18.3,-2.703,14.154,30.564,16.383,266.912,11976.32,15832535.4,5.018,31.077,33.78,2.82,4752.32,2.469,-9.283,-6.768,2,74,2,IDN
89,0.0,1.0,0.0,111.1,0.25,12.9,22.1,0.5,28.7,-0.855,19.659,74.086,27.051,1367.6,6708.12,203510.1,4.042,29.809,30.664,4.762,21.285,7.087,-4.054,-1.905,2,75,2,IND
90,0.0,1.0,0.0,103.5,0.75,5.7,21.0,0.75,66.0,0.646,10.445,47.864,15.525,83.265,12336.98,24412571.0,-6.784,45.026,44.38,34.623,22802.84,0.794,-11.727,-21.874,2,77,3,IRN
91,0.0,1.0,0.0,105.6,0.25,9.0,0.0,0.75,0.0,3.35,35.024,59.504,38.933,9.051,40710.86,1418.45,3.774,24.664,21.313,0.844,3.694,0.285,3.377,3.918,2,80,4,ISR
92,0.0,1.0,0.0,104.1,0.75,11.7,18.0,0.75,23.6,-2.127,24.297,78.015,30.31,10.07,10103.11,31.597,1.955,14.613,16.739,0.677,0.298,0.079,2.098,11.574,2,83,3,JOR
93,0.0,1.0,0.0,105.6,0.5,20.0,8.9,0.75,15.4,3.437,34.197,235.448,37.311,126.221,41819.77,559862.3,0.015,29.257,25.82,0.468,101.769,4.078,0.987,-1.458,2,84,4,JPN
94,0.0,1.0,0.0,105.8,0.0,11.9,14.2,0.75,16.5,-4.016,19.679,19.944,20.248,18.632,26184.87,69532.63,4.5,23.611,27.628,5.244,136.752,0.377,12.094,2.918,2,85,3,KAZ
95,0.0,1.0,0.0,105.3,0.0,18.0,32.8,0.75,25.4,-12.1,32.447,51.603,32.58,6.389,5298.56,619.103,4.601,14.27,26.37,1.136,17.548,0.026,-0.873,15.147,2,87,2,KGZ
96,0.0,1.0,0.0,104.1,0.0,12.5,50.4,0.5,20.9,-15.014,26.78,28.588,23.817,15.6,4638.22,110014.05,7.054,9.22,24.233,2.014,1458.88,0.056,18.037,13.908,2,88,2,KHM
97,0.0,1.0,0.0,106.9,0.5,6.0,18.4,0.25,16.5,3.614,22.923,42.125,22.551,51.709,42850.29,1924498.0,2.244,35.109,31.495,0.383,833.381,1.712,-1.909,0.238,2,89,4,KOR
98,0.0,1.0,0.0,104.8,0.75,16.0,37.0,0.75,0.0,16.258,57.264,11.636,52.292,4.776,43993.24,41.349,-0.552,41.276,25.018,1.1,0.189,0.162,-10.419,-10.05,2,90,4,KWT
99,0.0,1.0,0.0,103.1,0.75,7.5,53.2,0.5,16.6,-2.2,12.648,86.802,20.617,21.803,13070.13,15012.95,2.255,24.645,26.845,4.303,50.55,0.22,-8.503,-2.119,2,95,2,LKA
100,0.0,1.0,0.0,107.8,0.5,28.6,30.8,0.75,19.5,-26.451,26.769,78.331,33.409,0.372,27893.66,86.788,6.986,-6.451,20.0,1.326,8.03,0.008,0.936,4.979,2,103,3,MDV
101,0.0,1.0,0.0,101.4,0.75,16.2,51.2,0.75,33.0,-2.827,16.349,38.753,20.256,52.832,4848.56,105258.5,6.75,29.458,32.285,8.627,394.27,0.198,-10.274,-3.608,2,108,2,MMR
102,0.0,1.0,0.0,102.6,0.0,16.0,10.1,0.25,31.2,-15.444,32.188,68.438,31.379,3.297,12048.93,37280.84,5.159,24.094,39.539,7.26,900.498,0.031,6.146,6.279,2,110,2,MNG
103,0.0,1.0,0.0,106.9,0.75,18.0,41.5,0.75,0.0,3.497,21.281,57.067,23.503,32.523,27920.57,1513.16,4.439,24.541,21.044,0.663,1.599,0.701,-1.944,-0.812,2,115,3,MYS
104,0.0,0.0,0.0,105.4,0.25,9.0,7.7,0.75,35.0,-2.921,36.509,32.026,38.778,4.986,41916.87,319.2,2.421,20.887,23.807,1.62,1.466,0.161,2.078,2.398,2,123,4,NZL
105,0.0,1.0,0.0,104.9,0.75,17.8,7.9,0.75,0.0,-5.45,39.165,60.525,44.737,4.618,29410.21,29.349,-0.825,14.751,20.502,0.134,0.207,0.105,-11.241,-0.514,2,124,4,OMN
106,0.0,1.0,0.0,107.8,0.75,20.1,42.2,0.5,85.0,-4.851,12.954,85.3,21.911,204.729,5000.79,38086.23,2.077,10.784,15.635,6.738,35.694,0.791,-1.015,-5.242,2,125,2,PAK
107,0.0,0.25,0.0,105.4,0.75,17.5,12.9,0.75,16.9,-0.809,20.013,36.967,21.671,107.3,8982.57,19517.86,6.119,25.593,26.402,2.48,19.43,0.745,0.634,8.683,2,128,2,PHL
108,0.0,1.0,0.0,102.9,0.75,27.0,0.0,0.75,0.0,4.821,31.161,22.79,35.613,34.218,47031.29,2973.62,0.331,33.597,28.776,-2.091,1.773,1.243,2.989,-3.391,2,137,4,SAU
109,0.0,1.0,0.0,106.8,0.0,11.0,40.5,0.5,6.1,14.263,17.986,129.01,14.107,5.704,98411.58,508.689,1.345,38.921,24.659,0.565,0.873,0.434,0.211,0.15,2,140,4,SGP
110,0.0,1.0,0.0,106.5,0.75,34.7,76.7,0.5,63.5,-9.756,32.756,8.313,34.215,0.67,2378.38,12.833,1.204,2.853,12.609,1.635,7.729,0.001,3.298,-14.885,2,141,2,SLB
111,0.0,1.0,0.0,105.8,0.5,6.2,8.6,0.75,44.2,7.02,20.997,41.043,21.813,69.626,18453.47,16815.95,2.266,30.753,23.732,0.706,12.619,0.993,-5.167,-2.954,2,155,3,THA
112,0.0,1.0,0.0,105.5,0.0,22.9,59.6,0.75,20.3,-2.283,27.38,44.068,29.48,9.292,3399.97,77.355,7.5,18.239,20.522,7.793,2.349,0.024,9.313,11.854,2,156,1,TJK
113,0.0,1.0,0.0,104.8,0.0,5.9,13.3,0.25,38.0,0.889,30.059,32.663,35.668,83.155,28515.69,4317.79,0.89,26.052,25.049,15.177,1.747,1.832,-4.281,7.802,2,161,3,TUR
114,0.0,1.0,0.0,108.8,0.75,0.0,21.6,0.25,0.0,10.644,15.486,32.684,17.262,23.603,51260.91,18932.53,2.964,35.81,23.577,0.546,15.014,0.935,2.421,1.84,2,162,4,TWN
115,0.0,1.0,0.0,107.1,0.0,13.7,41.5,0.75,0.0,-5.619,27.036,28.269,27.285,33.256,7419.93,529391.4,5.71,34.832,40.451,14.526,2058.55,0.191,24.881,23.92,2,168,2,UZB
116,0.0,1.0,0.0,111.4,0.0,6.6,28.2,0.75,34.4,3.806,19.642,43.581,22.953,96.484,10131.71,7615567.53,7.15,35.592,31.802,2.797,7475.0,0.755,6.818,6.715,2,170,2,VNM
117,18.8,1.0,18.5,104.4,0.75,28.7,48.7,0.75,67.0,-3.864,7.322,76.527,12.89,31.648,1960.36,12606.26,1.4,2.604,6.468,12.007,194.96,0.048,29.194,30.289,2,172,1,YEM
118,0.0,1.0,0.0,107.2,0.0,12.9,29.8,0.5,24.6,-7.628,27.414,67.792,29.373,2.881,13881.23,1679.25,2.174,14.879,22.79,1.438,40.291,0.031,4.716,1.675,3,2,3,ALB
119,0.0,0.0,0.0,106.2,0.0,10.0,3.0,0.25,13.0,2.842,49.169,70.513,48.559,8.859,56303.44,397.575,1.419,28.314,25.471,1.493,0.765,0.385,2.448,2.943,3,8,4,AUT
120,0.0,0.0,0.0,104.7,0.0,7.0,2.0,0.5,24.0,0.349,50.179,98.075,52.085,11.456,52078.71,476.343,1.785,25.328,24.979,1.249,0.766,0.461,-0.594,-0.055,3,11,4,BEL
121,0.0,1.0,0.0,105.8,0.0,14.0,18.2,0.75,23.0,1.831,35.077,18.403,36.039,6.951,23346.14,119.772,3.694,22.938,21.107,2.457,0.708,0.125,5.172,3.87,3,15,3,BGR
122,0.0,1.0,0.0,106.4,0.0,9.0,4.8,0.5,13.1,-3.088,41.749,32.526,40.362,3.301,14993.05,35.296,2.831,18.517,21.605,0.559,0.684,0.038,1.344,0.482,3,18,3,BIH
123,0.0,1.0,0.0,106.2,0.0,7.0,4.1,0.75,25.0,-1.934,38.263,40.999,37.353,9.429,19267.04,134.732,1.446,27.216,29.15,5.6,0.712,0.14,5.279,0.151,3,19,3,BLR
124,0.0,0.25,0.0,105.7,0.0,8.0,15.2,0.75,9.8,6.707,32.803,39.793,31.481,8.545,71736.65,727.932,1.245,31.922,25.215,0.361,1.139,0.474,-0.217,-0.762,3,29,4,CHE
125,0.0,1.0,0.0,105.7,0.0,4.3,2.0,0.75,21.0,0.331,41.368,30.049,41.059,10.65,41223.23,5790.35,3.029,27.943,27.613,2.848,12.655,0.339,1.545,1.479,3,41,4,CZE
126,0.0,0.25,0.0,105.5,0.0,10.0,19.6,0.75,22.0,7.446,46.462,59.24,44.991,83.093,54234.43,3473.35,1.05,29.587,22.141,1.354,0.74,3.481,2.89,1.137,3,42,4,DEU
127,0.0,0.75,0.0,105.4,0.0,10.0,0.0,0.5,32.0,8.753,53.581,33.569,49.517,5.806,57409.97,2318.04,2.114,30.717,21.964,0.729,6.673,0.257,2.956,5.029,3,45,4,DNK
128,0.0,0.25,0.0,106.4,0.0,12.0,9.6,0.5,13.0,2.136,39.201,95.536,42.065,47.105,40875.3,1244.38,2.082,23.026,20.89,0.7,0.62,1.487,1.199,2.476,3,51,4,ESP
129,0.0,0.75,0.0,105.1,0.0,12.0,16.9,0.25,20.0,1.994,39.985,8.555,39.466,1.327,36488.52,27.732,4.096,28.07,26.075,2.268,0.55,0.037,3.8,6.481,3,52,4,EST
130,0.0,1.0,0.0,104.8,0.25,8.0,11.2,0.75,30.0,-0.312,52.279,59.507,53.276,5.518,48682.99,240.097,1.343,23.782,24.094,1.137,0.858,0.208,2.314,6.827,3,54,4,FIN
131,0.0,0.25,0.0,105.1,0.0,4.0,6.6,0.25,26.0,-0.291,52.287,97.615,55.352,64.988,47832.71,2437.64,1.838,24.074,24.365,1.297,0.752,2.401,2.388,1.5,3,56,4,FRA
132,0.0,0.0,0.0,104.9,0.75,6.0,10.2,0.75,29.0,-3.094,36.558,85.243,38.869,66.797,46630.99,2218.44,1.434,15.246,18.34,1.791,0.683,2.406,2.734,2.658,3,58,4,GBR
133,0.0,1.0,0.0,106.7,0.0,10.0,2.0,0.25,19.0,-2.232,48.004,184.908,47.777,10.725,29662.12,183.413,1.857,10.456,12.689,0.517,0.553,0.246,6.837,7.411,3,65,4,GRC
134,0.0,0.0,0.0,105.8,0.0,11.0,4.4,0.25,13.0,3.039,47.462,72.83,47.161,4.065,28732.05,402.334,2.858,25.687,22.648,0.772,3.305,0.09,6.348,6.801,3,71,4,HRV
135,0.0,1.0,0.0,105.8,0.25,9.0,8.7,0.75,21.0,-0.451,43.635,65.488,45.713,9.773,32952.69,47523.97,4.641,27.586,27.871,3.371,141.593,0.249,8.216,5.811,3,73,4,HUN
136,0.0,0.0,0.0,105.5,0.75,11.0,1.0,0.25,15.0,-19.85,24.72,57.282,24.419,4.95,86729.41,356.525,4.917,34.847,54.698,0.86,0.797,0.332,41.654,10.421,3,76,4,IRL
137,0.0,0.75,0.0,103.2,0.25,0.0,0.0,0.25,22.4,5.83,41.798,66.144,43.319,0.357,57989.93,3047.73,2.435,27.027,21.197,3.008,141.258,0.016,-8.43,-4.669,3,79,4,ISL
138,0.0,0.25,0.0,106.2,0.0,11.0,5.3,0.75,19.0,3.206,47.076,134.563,48.634,59.817,42808.5,1790.94,0.287,21.216,18.011,0.634,0.671,1.978,-0.65,1.624,3,81,4,ITA
139,0.0,1.0,0.0,105.1,0.0,13.0,2.0,0.5,24.0,3.344,34.108,35.903,33.843,2.794,37133.51,48.809,4.339,20.809,17.465,2.242,0.451,0.08,6.343,9.478,3,97,4,LTU
140,0.0,1.0,0.0,106.0,0.0,0.0,2.0,0.75,22.0,4.569,44.683,22.007,42.315,0.614,115602.31,63.516,2.298,21.996,17.427,1.653,0.859,0.055,0.912,0.836,3,98,4,LUX
141,0.0,1.0,0.0,105.9,0.0,16.8,2.0,0.75,32.0,-0.648,37.521,36.97,37.905,1.92,30774.61,30.421,2.027,21.738,22.386,2.747,0.494,0.046,2.957,2.112,3,99,4,LVA
142,0.0,1.0,0.0,106.7,0.0,9.5,11.2,0.25,45.5,-9.348,29.922,28.294,31.359,2.682,12946.99,210.378,3.7,16.002,25.35,4.294,5.814,0.027,4.8,6.7,3,101,2,MDA
143,0.0,0.0,0.0,107.7,1.0,5.0,0.0,0.25,15.0,5.543,35.98,40.589,35.623,0.494,47051.93,14.048,5.735,27.653,22.11,1.523,0.58,0.018,6.808,5.76,3,107,4,MLT
144,0.0,1.0,0.0,106.9,0.0,21.8,2.7,0.25,0.0,-14.267,42.206,78.793,43.974,0.622,21559.03,4.951,4.063,17.674,31.941,0.366,0.354,0.01,2.124,7.33,3,109,3,MNE
145,0.0,0.25,0.0,105.5,0.0,8.0,6.4,0.75,25.0,9.371,43.583,47.433,41.108,17.282,57258.26,813.055,1.955,31.467,22.096,2.669,0.788,0.764,3.258,1.98,3,120,4,NLD
146,0.0,0.25,0.0,105.3,0.0,6.0,9.9,0.25,27.0,2.847,56.844,40.88,50.444,5.357,63230.51,3568.49,0.852,32.547,29.689,2.168,10.109,0.262,4.697,0.527,3,121,4,NOR
147,0.0,1.0,0.0,105.5,0.5,10.0,7.9,0.75,13.0,0.491,41.083,45.598,41.772,37.973,33284.21,2293.2,4.745,20.217,19.726,2.308,1.741,0.976,3.047,5.192,3,130,4,POL
148,0.0,0.25,0.0,106.0,0.0,8.0,2.0,0.25,19.0,0.435,42.524,116.608,42.442,10.286,34989.23,214.375,2.683,18.717,18.493,0.3,0.572,0.278,5.125,3.978,3,131,4,PRT
149,0.0,1.0,0.0,105.6,0.0,10.0,7.5,0.25,24.0,-4.891,28.912,36.823,33.477,19.415,29961.6,1058.19,4.127,18.837,23.729,3.825,1.745,0.449,6.85,4.591,3,134,3,ROU
150,0.0,1.0,0.0,105.6,0.0,10.0,23.3,1.0,19.6,3.87,35.802,13.794,33.866,146.749,27296.92,109241.54,2.033,26.629,22.759,4.47,26.167,3.094,2.83,-3.366,3,135,3,RUS
151,0.0,1.0,0.0,104.9,0.0,14.9,3.8,0.25,23.7,-6.876,42.057,52.769,42.061,6.964,18254.98,5417.73,4.249,18.228,25.104,1.85,40.892,0.098,11.372,10.09,3,145,3,SRB
152,0.0,1.0,0.0,104.7,0.0,9.0,5.0,0.25,23.0,-2.713,41.339,48.216,42.669,5.45,32760.06,93.901,2.512,20.657,23.37,2.766,0.505,0.138,2.085,0.786,3,148,4,SVK
153,0.0,1.0,0.0,105.5,0.0,9.2,15.8,0.25,13.0,5.988,43.723,65.592,43.294,2.081,39262.17,48.397,3.251,26.608,20.62,1.627,0.568,0.063,4.671,4.517,3,149,4,SVN
154,0.0,0.0,0.0,105.5,0.0,10.0,10.2,0.25,28.0,5.462,48.545,34.873,48.036,10.328,53402.35,5049.62,1.986,30.586,25.124,1.722,8.785,0.426,2.387,6.634,3,150,4,SWE
155,0.0,1.0,0.0,106.3,0.0,4.9,2.9,0.75,13.2,-2.733,39.382,50.492,41.348,41.733,12902.8,3977.2,3.199,12.158,14.89,7.886,7.087,0.416,7.217,7.174,3,165,2,UKR
